10/2/1992,0.1164
10/7/1992,0.1631
10/12/1992,0.1213
10/17/1992,0.0737
10/22/1992,0.0556
10/27/1992,0.0570
11/1/1992,0.0638
11/6/1992,0.0497
11/11/1992,0.0478
11/16/1992,0.0369
11/21/1992,0.0227
11/26/1992,0.0022
12/1/1992,-0.0134
12/6/1992,-0.0447
12/11/1992,-0.0667
12/16/1992,-0.0831
12/21/1992,-0.0648
12/26/1992,-0.0262
12/31/1992,-0.0305
1/5/1993,-0.0370
1/10/1993,-0.0437
1/15/1993,-0.0567
1/20/1993,-0.0573
1/25/1993,-0.0713
1/30/1993,-0.0986
2/4/1993,-0.1068
2/9/1993,-0.1161
2/14/1993,-0.1248
2/19/1993,-0.1204
2/24/1993,-0.1314
3/1/1993,-0.1387
3/6/1993,-0.1194
3/11/1993,-0.1037
3/16/1993,-0.0759
3/21/1993,-0.0744
3/26/1993,-0.0795
3/31/1993,-0.0889
4/5/1993,-0.0828
4/10/1993,-0.0764
4/15/1993,-0.0640
4/20/1993,-0.0770
4/25/1993,-0.0953
4/30/1993,-0.1011
5/5/1993,-0.0953
5/10/1993,-0.0586
5/15/1993,-0.0218
5/20/1993,0.0034
5/25/1993,0.0441
5/30/1993,0.0187
6/4/1993,0.0094
6/9/1993,-0.0119
6/14/1993,-0.0009
6/19/1993,0.0065
6/24/1993,0.0016
6/29/1993,-0.0015
7/4/1993,0.0180
7/9/1993,0.0137
7/14/1993,0.0159
7/19/1993,0.0104
7/24/1993,0.0164
7/29/1993,0.0000
8/3/1993,-0.0003
8/8/1993,-0.0006
8/13/1993,-0.0032
8/18/1993,-0.0011
8/23/1993,-0.0055
8/28/1993,-0.0016
9/2/1993,0.0081
9/7/1993,0.0123
9/12/1993,0.0459
9/17/1993,0.0770
9/22/1993,0.0880
9/27/1993,0.0802
10/2/1993,0.0679
10/7/1993,0.0489
10/12/1993,0.0553
10/17/1993,0.0529
10/22/1993,0.0389
10/27/1993,0.0486
11/1/1993,0.0196
11/6/1993,0.0527
11/11/1993,0.0474
11/16/1993,0.0733
11/21/1993,0.0692
11/26/1993,0.0259
12/1/1993,0.0142
12/6/1993,-0.0151
12/11/1993,-0.0102
12/16/1993,0.0290
12/21/1993,-0.0085
12/26/1993,-0.0160
12/31/1993,-0.0435
1/5/1994,-0.0614
1/10/1994,-0.0693
1/15/1994,-0.0678
1/20/1994,-0.0627
1/25/1994,-0.0547
1/30/1994,-0.0604
2/4/1994,-0.0898
2/9/1994,-0.1133
2/14/1994,-0.1035
2/19/1994,-0.1073
2/24/1994,-0.1445
3/1/1994,-0.1145
3/6/1994,-0.1326
3/11/1994,-0.1200
3/16/1994,-0.1126
3/21/1994,-0.1181
3/26/1994,-0.1277
3/31/1994,-0.1352
4/5/1994,-0.1288
4/10/1994,-0.0948
4/15/1994,-0.0799
4/20/1994,-0.0393
4/25/1994,-0.0148
4/30/1994,0.0275
5/5/1994,-0.0113
5/10/1994,-0.0209
5/15/1994,-0.0582
5/20/1994,-0.0815
5/25/1994,-0.0788
5/30/1994,-0.0706
6/4/1994,-0.0493
6/9/1994,-0.0338
6/14/1994,-0.0468
6/19/1994,-0.0707
6/24/1994,-0.1274
6/29/1994,-0.1418
7/4/1994,-0.1165
7/9/1994,-0.0685
7/14/1994,-0.0462
7/19/1994,-0.0453
7/24/1994,-0.0501
7/29/1994,-0.0404
8/3/1994,-0.0304
8/8/1994,-0.0163
8/13/1994,-0.0142
8/18/1994,-0.0077
8/23/1994,-0.0095
8/28/1994,-0.0079
9/2/1994,0.0186
9/7/1994,0.0536
9/12/1994,0.0459
9/17/1994,0.0604
9/22/1994,0.0655
9/27/1994,0.0442
10/2/1994,0.0432
10/7/1994,0.0577
10/12/1994,0.0666
10/17/1994,0.0533
10/22/1994,0.0612
10/27/1994,0.0319
11/1/1994,0.0029
11/6/1994,0.0052
11/11/1994,-0.0019
11/16/1994,-0.0078
11/21/1994,-0.0195
11/26/1994,-0.0212
12/1/1994,-0.0226
12/6/1994,-0.0151
12/11/1994,-0.0048
12/16/1994,-0.0232
12/21/1994,-0.0361
12/26/1994,-0.0428
12/31/1994,-0.0658
1/5/1995,-0.1169
1/10/1995,-0.1736
1/15/1995,-0.2266
1/20/1995,-0.2389
1/25/1995,-0.1988
1/30/1995,-0.1813
2/4/1995,-0.1108
2/9/1995,-0.0937
2/14/1995,-0.0980
2/19/1995,-0.0948
2/24/1995,-0.1131
3/1/1995,-0.1297
3/6/1995,-0.1128
3/11/1995,-0.1147
3/16/1995,-0.1014
3/21/1995,-0.0563
3/26/1995,-0.0561
3/31/1995,-0.0531
4/5/1995,-0.0611
4/10/1995,-0.0669
4/15/1995,-0.0805
4/20/1995,-0.0592
4/25/1995,-0.0418
4/30/1995,-0.0482
5/5/1995,-0.0551
5/10/1995,-0.0764
5/15/1995,-0.0860
5/20/1995,-0.0940
5/25/1995,-0.0862
5/30/1995,-0.0696
6/4/1995,-0.0534
6/9/1995,-0.0493
6/14/1995,-0.0578
6/19/1995,-0.0532
6/24/1995,-0.0493
6/29/1995,-0.0213
7/4/1995,-0.0176
7/9/1995,-0.0281
7/14/1995,-0.0283
7/19/1995,-0.0419
7/24/1995,-0.0222
7/29/1995,0.0408
8/3/1995,0.0618
8/8/1995,0.0632
8/13/1995,0.0404
8/18/1995,0.0357
8/23/1995,0.0513
8/28/1995,0.0587
9/2/1995,0.0749
9/7/1995,0.0769
9/12/1995,0.0724
9/17/1995,0.0775
9/22/1995,0.0911
9/27/1995,0.1130
10/2/1995,0.1574
10/7/1995,0.1233
10/12/1995,0.0871
10/17/1995,0.0563
10/22/1995,0.0480
10/27/1995,0.0663
11/1/1995,0.0815
11/6/1995,0.0430
11/11/1995,0.0320
11/16/1995,0.0265
11/21/1995,-0.0051
11/26/1995,-0.0190
12/1/1995,-0.0498
12/6/1995,-0.1208
12/11/1995,-0.1541
12/16/1995,-0.1587
12/21/1995,-0.1550
12/26/1995,-0.1318
12/31/1995,-0.1106
1/5/1996,-0.1280
1/10/1996,-0.1585
1/15/1996,-0.1746
1/20/1996,-0.1780
1/25/1996,-0.1754
1/30/1996,-0.1371
2/4/1996,-0.1517
2/9/1996,-0.1433
2/14/1996,-0.1136
2/19/1996,-0.1263
2/24/1996,-0.1529
2/29/1996,-0.1658
3/5/1996,-0.1710
3/10/1996,-0.1573
3/15/1996,-0.1307
3/20/1996,-0.1042
3/25/1996,-0.0991
3/30/1996,-0.0894
4/4/1996,-0.1149
4/9/1996,-0.1155
4/14/1996,-0.1263
4/19/1996,-0.1033
4/24/1996,-0.0825
4/29/1996,-0.0714
5/4/1996,-0.0659
5/9/1996,-0.0764
5/14/1996,-0.0956
5/19/1996,-0.0790
5/24/1996,-0.0608
5/29/1996,-0.0692
6/3/1996,-0.0674
6/8/1996,-0.0637
6/13/1996,-0.0621
6/18/1996,-0.0431
6/23/1996,-0.0389
6/28/1996,-0.0647
7/3/1996,-0.0904
7/8/1996,-0.1199
7/13/1996,-0.0820
7/18/1996,-0.0536
7/23/1996,-0.0309
7/28/1996,-0.0408
8/2/1996,-0.0427
8/7/1996,-0.0437
8/12/1996,-0.0385
8/17/1996,-0.0127
8/22/1996,-0.0104
8/27/1996,-0.0128
9/1/1996,0.0261
9/6/1996,-0.0001
9/11/1996,0.0144
9/16/1996,0.0095
9/21/1996,0.0302
9/26/1996,0.0440
10/1/1996,0.0714
10/6/1996,0.0962
10/11/1996,0.0985
10/16/1996,0.0916
10/21/1996,0.0686
10/26/1996,0.0602
10/31/1996,0.0857
11/5/1996,0.0705
11/10/1996,0.0957
11/15/1996,0.1122
11/20/1996,0.0460
11/25/1996,0.0259
11/30/1996,-0.0217
12/5/1996,-0.0435
12/10/1996,-0.0507
12/15/1996,-0.0345
12/20/1996,-0.0614
12/25/1996,-0.0893
12/30/1996,-0.0772
1/4/1997,-0.0631
1/9/1997,-0.0279
1/14/1997,-0.0593
1/19/1997,-0.0478
1/24/1997,-0.0664
1/29/1997,-0.0345
2/3/1997,0.0336
2/8/1997,0.0012
2/13/1997,0.0560
2/18/1997,-0.0348
2/23/1997,-0.0828
2/28/1997,-0.1026
3/5/1997,-0.1194
3/10/1997,-0.1116
3/15/1997,-0.1240
3/20/1997,-0.0871
3/25/1997,-0.0636
3/30/1997,-0.0257
4/4/1997,-0.0301
4/9/1997,-0.0096
4/14/1997,-0.0363
4/19/1997,-0.0282
4/24/1997,-0.0486
4/29/1997,-0.0470
5/4/1997,-0.0733
5/9/1997,-0.0642
5/14/1997,-0.0236
5/19/1997,-0.0377
5/24/1997,-0.0423
5/29/1997,-0.0504
6/3/1997,-0.0294
6/8/1997,-0.0275
6/13/1997,-0.0081
6/18/1997,-0.0028
6/23/1997,-0.0148
6/28/1997,-0.0374
7/3/1997,-0.0413
7/8/1997,-0.0254
7/13/1997,0.0156
7/18/1997,0.0276
7/23/1997,0.0344
7/28/1997,0.0248
8/2/1997,0.0138
8/7/1997,-0.0119
8/12/1997,-0.0269
8/17/1997,-0.0191
8/22/1997,-0.0214
8/27/1997,-0.0083
9/1/1997,-0.0222
9/6/1997,-0.0086
9/11/1997,0.0510
9/16/1997,0.0522
9/21/1997,0.0304
9/26/1997,0.0387
10/1/1997,0.0592
10/6/1997,0.0956
10/11/1997,0.1206
10/16/1997,0.0868
10/21/1997,0.0455
10/26/1997,0.0078
10/31/1997,0.0284
11/5/1997,0.0336
11/10/1997,0.0316
11/15/1997,0.0453
11/20/1997,0.0001
11/25/1997,-0.0521
11/30/1997,-0.0772
12/5/1997,-0.1132
12/10/1997,-0.1242
12/15/1997,-0.1619
12/20/1997,-0.1796
12/25/1997,-0.2007
12/30/1997,-0.2105
1/4/1998,-0.1770
1/9/1998,-0.1654
1/14/1998,-0.1405
1/19/1998,-0.1329
1/24/1998,-0.1375
1/29/1998,-0.1583
2/3/1998,-0.1610
2/8/1998,-0.1334
2/13/1998,-0.1236
2/18/1998,-0.1309
2/23/1998,-0.1481
2/28/1998,-0.1447
3/5/1998,-0.1294
3/10/1998,-0.0995
3/15/1998,-0.0639
3/20/1998,-0.0544
3/25/1998,-0.0788
3/30/1998,-0.0858
4/4/1998,-0.1078
4/9/1998,-0.1018
4/14/1998,-0.0573
4/19/1998,-0.0459
4/24/1998,0.0159
4/29/1998,0.0329
5/4/1998,0.0248
5/9/1998,-0.0069
5/14/1998,-0.0044
5/19/1998,-0.0439
5/24/1998,0.0233
5/29/1998,0.0478
6/3/1998,0.0742
6/8/1998,0.0902
6/13/1998,0.0748
6/18/1998,0.0538
6/23/1998,0.0289
6/28/1998,0.0179
7/3/1998,0.0138
7/8/1998,-0.0204
7/13/1998,-0.0450
7/18/1998,-0.0504
7/23/1998,-0.0236
7/28/1998,-0.0077
8/2/1998,-0.0009
8/7/1998,0.0084
8/12/1998,0.0298
8/17/1998,0.0248
8/22/1998,0.0389
8/27/1998,0.0632
9/1/1998,0.1146
9/6/1998,0.1479
9/11/1998,0.1254
9/16/1998,0.0978
9/21/1998,0.0470
9/26/1998,0.0209
10/1/1998,0.0197
10/6/1998,0.0148
10/11/1998,0.0629
10/16/1998,0.0586
10/21/1998,0.1188
10/26/1998,0.0771
10/31/1998,0.0700
11/5/1998,0.0306
11/10/1998,0.0117
11/15/1998,0.0277
11/20/1998,0.0061
11/25/1998,-0.0118
11/30/1998,-0.0483
12/5/1998,-0.0620
12/10/1998,-0.0462
12/15/1998,-0.0474
12/20/1998,-0.0663
12/25/1998,-0.0763
12/30/1998,-0.1245
1/4/1999,-0.1267
1/9/1999,-0.1281
1/14/1999,-0.1121
1/19/1999,-0.0952
1/24/1999,-0.0619
1/29/1999,-0.0734
2/3/1999,-0.0900
2/8/1999,-0.1114
2/13/1999,-0.1133
2/18/1999,-0.0899
2/23/1999,-0.0884
2/28/1999,-0.0685
3/5/1999,-0.0181
3/10/1999,-0.0510
3/15/1999,-0.0859
3/20/1999,-0.1172
3/25/1999,-0.1034
3/30/1999,-0.0833
4/4/1999,-0.0771
4/9/1999,-0.0758
4/14/1999,-0.0798
4/19/1999,-0.0743
4/24/1999,-0.0280
4/29/1999,-0.0132
5/4/1999,-0.0161
5/9/1999,-0.0421
5/14/1999,-0.0250
5/19/1999,-0.0570
5/24/1999,-0.0426
5/29/1999,-0.0497
6/3/1999,-0.0463
6/8/1999,-0.0389
6/13/1999,-0.0177
6/18/1999,-0.0006
6/23/1999,0.0077
6/28/1999,0.0193
7/3/1999,0.0095
7/8/1999,-0.0003
7/13/1999,-0.0181
7/18/1999,-0.0174
7/23/1999,-0.0190
7/28/1999,-0.0442
8/2/1999,-0.0552
8/7/1999,-0.0720
8/12/1999,-0.0571
8/17/1999,-0.0282
8/22/1999,-0.0231
8/27/1999,-0.0035
9/1/1999,0.0327
9/6/1999,0.0543
9/11/1999,0.0775
9/16/1999,0.0932
9/21/1999,0.1031
9/26/1999,0.1060
10/1/1999,0.1132
10/6/1999,0.1390
10/11/1999,0.1395
10/16/1999,0.1214
10/21/1999,0.1173
10/26/1999,0.0944
10/31/1999,0.0880
11/5/1999,0.0874
11/10/1999,0.0640
11/15/1999,0.0393
11/20/1999,0.0459
11/25/1999,0.0646
11/30/1999,0.1637
12/5/1999,0.0988
12/10/1999,0.1496
12/15/1999,-0.0261
12/20/1999,-0.0740
12/25/1999,-0.0785
12/30/1999,-0.0563
1/4/2000,-0.0426
1/9/2000,-0.0362
1/14/2000,-0.0518
1/19/2000,-0.0978
1/24/2000,-0.0912
1/29/2000,-0.0763
2/3/2000,-0.0726
2/8/2000,-0.0306
2/13/2000,-0.0592
2/18/2000,-0.0344
2/23/2000,-0.0591
2/28/2000,-0.0733
3/4/2000,-0.0838
3/9/2000,-0.0694
3/14/2000,-0.0603
3/19/2000,-0.0779
3/24/2000,-0.0940
3/29/2000,-0.1090
4/3/2000,-0.1142
4/8/2000,-0.1230
4/13/2000,-0.1260
4/18/2000,-0.0911
4/23/2000,-0.0681
4/28/2000,-0.0364
5/3/2000,-0.0347
5/8/2000,-0.0436
5/13/2000,-0.0494
5/18/2000,-0.0137
5/23/2000,-0.0131
5/28/2000,0.0052
6/2/2000,0.0037
6/7/2000,0.0080
6/12/2000,0.0035
6/17/2000,0.0059
6/22/2000,0.0006
6/27/2000,-0.0096
7/2/2000,-0.0083
7/7/2000,-0.0188
7/12/2000,-0.0359
7/17/2000,-0.0397
7/22/2000,-0.0542
7/27/2000,-0.0395
8/1/2000,-0.0215
8/6/2000,0.0033
8/11/2000,0.0238
8/16/2000,0.0302
8/21/2000,0.0063
8/26/2000,-0.0108
8/31/2000,-0.0114
9/5/2000,0.0146
9/10/2000,0.0208
9/15/2000,0.0003
9/20/2000,-0.0160
9/25/2000,-0.0186
9/30/2000,0.0191
10/5/2000,0.0518
10/10/2000,0.0797
10/15/2000,0.1019
10/20/2000,0.0954
10/25/2000,0.0716
10/30/2000,0.0404
11/4/2000,0.0159
11/9/2000,-0.0304
11/14/2000,-0.0582
11/19/2000,-0.0581
11/24/2000,-0.0411
11/29/2000,-0.0214
12/4/2000,-0.0112
12/9/2000,-0.0197
12/14/2000,-0.0443
12/19/2000,-0.0865
12/24/2000,-0.1217
12/29/2000,-0.1254
1/3/2001,-0.1225
1/8/2001,-0.1148
1/13/2001,-0.1073
1/18/2001,-0.0953
1/23/2001,-0.0768
1/28/2001,-0.0736
2/2/2001,-0.0861
2/7/2001,-0.1099
2/12/2001,-0.1095
2/17/2001,-0.1067
2/22/2001,-0.1138
2/27/2001,-0.1201
3/4/2001,-0.1142
3/9/2001,-0.1205
3/14/2001,-0.1203
3/19/2001,-0.1173
3/24/2001,-0.1033
3/29/2001,-0.0719
4/3/2001,-0.0797
4/8/2001,-0.0558
4/13/2001,-0.0461
4/18/2001,-0.0266
4/23/2001,-0.0178
4/28/2001,-0.0253
5/3/2001,-0.0325
5/8/2001,-0.0573
5/13/2001,-0.0604
5/18/2001,-0.0626
5/23/2001,-0.0531
5/28/2001,-0.0499
6/2/2001,-0.0401
6/7/2001,-0.0247
6/12/2001,-0.0238
6/17/2001,-0.0120
6/22/2001,-0.0003
6/27/2001,0.0230
7/2/2001,0.0310
7/7/2001,0.0230
7/12/2001,0.0108
7/17/2001,-0.0108
7/22/2001,-0.0125
7/27/2001,0.0015
8/1/2001,0.0152
8/6/2001,0.0291
8/11/2001,0.0237
8/16/2001,-0.0043
8/21/2001,-0.0034
8/26/2001,-0.0153
8/31/2001,-0.0128
9/5/2001,-0.0057
9/10/2001,0.0069
9/15/2001,0.0266
9/20/2001,0.0307
9/25/2001,0.0407
9/30/2001,0.0603
10/5/2001,0.0667
10/10/2001,0.1045
10/15/2001,0.1319
10/20/2001,0.1248
10/25/2001,0.0754
10/30/2001,0.0399
11/4/2001,0.0259
11/9/2001,0.0164
11/14/2001,0.0106
11/19/2001,0.0025
11/24/2001,-0.0031
11/29/2001,-0.0213
12/4/2001,-0.0137
12/9/2001,-0.0415
12/14/2001,-0.0448
12/19/2001,-0.0622
12/24/2001,-0.0771
12/29/2001,-0.1021
1/3/2002,-0.1221
1/8/2002,-0.1174
1/13/2002,-0.1011
1/18/2002,-0.0813
1/23/2002,-0.0594
1/28/2002,-0.0576
2/2/2002,-0.0355
2/7/2002,-0.0279
2/12/2002,-0.0345
2/17/2002,-0.0707
2/22/2002,-0.0719
2/27/2002,-0.0720
3/4/2002,-0.0668
3/9/2002,-0.0620
3/14/2002,-0.0174
3/19/2002,0.0026
3/24/2002,0.0100
3/29/2002,0.0524
4/3/2002,0.0751
4/8/2002,0.0790
4/13/2002,0.0601
4/18/2002,0.0249
4/23/2002,-0.0401
4/28/2002,-0.0251
5/3/2002,0.0237
5/8/2002,0.0616
5/13/2002,0.0991
5/18/2002,0.1031
5/23/2002,0.1005
5/28/2002,0.0637
6/2/2002,0.0495
6/7/2002,0.0391
6/12/2002,0.0416
6/17/2002,0.0383
6/22/2002,0.0401
6/27/2002,0.0587
7/2/2002,0.0464
7/7/2002,0.0562
7/12/2002,0.0456
7/17/2002,0.0433
7/22/2002,0.0331
7/27/2002,0.0170
8/1/2002,0.0181
8/6/2002,0.0439
8/11/2002,0.0958
8/16/2002,0.1059
8/21/2002,0.0855
8/26/2002,0.0793
8/31/2002,0.0826
9/5/2002,0.0818
9/10/2002,0.0776
9/15/2002,0.1055
9/20/2002,0.1016
9/25/2002,0.0981
9/30/2002,0.0937
10/5/2002,0.1082
10/10/2002,0.0909
10/15/2002,0.0839
10/20/2002,0.0562
10/25/2002,0.0456
10/30/2002,0.0378
11/4/2002,0.0253
11/9/2002,0.0035
11/14/2002,-0.0259
11/19/2002,-0.0345
11/24/2002,-0.0426
11/29/2002,-0.0371
12/4/2002,-0.0613
12/9/2002,-0.0824
12/14/2002,-0.1221
12/19/2002,-0.1326
12/24/2002,-0.1242
12/29/2002,-0.1309
1/3/2003,-0.1193
1/8/2003,-0.1079
1/13/2003,-0.1003
1/18/2003,-0.0899
1/23/2003,-0.0880
1/28/2003,-0.1060
2/2/2003,-0.1006
2/7/2003,-0.1052
2/12/2003,-0.0870
2/17/2003,-0.1230
2/22/2003,-0.1207
2/27/2003,-0.1132
3/4/2003,-0.0970
3/9/2003,-0.0999
3/14/2003,-0.0972
3/19/2003,-0.1053
3/24/2003,-0.1050
3/29/2003,-0.0862
4/3/2003,-0.0892
4/8/2003,-0.1003
4/13/2003,-0.0973
4/18/2003,-0.0882
4/23/2003,-0.0737
4/28/2003,-0.0517
5/3/2003,-0.0364
5/8/2003,-0.0416
5/13/2003,-0.0459
5/18/2003,-0.0364
5/23/2003,-0.0320
5/28/2003,-0.0313
6/2/2003,-0.0439
6/7/2003,-0.0543
6/12/2003,-0.0582
6/17/2003,-0.0210
6/22/2003,-0.0024
6/27/2003,0.0198
7/2/2003,0.0321
7/7/2003,0.0433
7/12/2003,0.0466
7/17/2003,0.0349
7/22/2003,0.0277
7/27/2003,0.0118
8/1/2003,-0.0051
8/6/2003,-0.0079
8/11/2003,-0.0020
8/16/2003,0.0059
8/21/2003,0.0036
8/26/2003,0.0236
8/31/2003,0.0544
9/5/2003,0.0737
9/10/2003,0.0661
9/15/2003,0.0761
9/20/2003,0.0743
9/25/2003,0.0842
9/30/2003,0.0974
10/5/2003,0.0899
10/10/2003,0.0963
10/15/2003,0.0737
10/20/2003,0.0682
10/25/2003,0.0663
10/30/2003,0.0736
11/4/2003,0.0716
11/9/2003,0.0570
11/14/2003,0.0388
11/19/2003,0.0228
11/24/2003,0.0086
11/29/2003,0.0126
12/4/2003,0.0146
12/9/2003,0.0143
12/14/2003,-0.0031
12/19/2003,-0.0249
12/24/2003,-0.0028
12/29/2003,0.0163
1/3/2004,0.0270
1/8/2004,0.0108
1/13/2004,-0.0150
1/18/2004,-0.0510
1/23/2004,-0.0624
1/28/2004,-0.0701
2/2/2004,-0.0885
2/7/2004,-0.0846
2/12/2004,-0.1051
2/17/2004,-0.1036
2/22/2004,-0.1015
2/27/2004,-0.0937
3/3/2004,-0.0851
3/8/2004,-0.0897
3/13/2004,-0.1000
3/18/2004,-0.1126
3/23/2004,-0.1074
3/28/2004,-0.0790
4/2/2004,-0.0666
4/7/2004,-0.0711
4/12/2004,-0.0864
4/17/2004,-0.0769
4/22/2004,-0.0767
4/27/2004,-0.0678
5/2/2004,-0.0554
5/7/2004,-0.0563
5/12/2004,-0.0425
5/17/2004,-0.0166
5/22/2004,0.0016
5/27/2004,0.0241
6/1/2004,0.0229
6/6/2004,0.0244
6/11/2004,0.0090
6/16/2004,0.0013
6/21/2004,-0.0048
6/26/2004,-0.0084
7/1/2004,-0.0037
7/6/2004,-0.0023
7/11/2004,-0.0025
7/16/2004,-0.0074
7/21/2004,-0.0040
7/26/2004,-0.0068
7/31/2004,-0.0037
8/5/2004,0.0068
8/10/2004,0.0291
8/15/2004,0.0552
8/20/2004,0.0568
8/25/2004,0.0443
8/30/2004,0.0350
9/4/2004,0.0406
9/9/2004,0.0427
9/14/2004,0.0325
9/19/2004,0.0292
9/24/2004,0.0742
9/29/2004,0.0971
10/4/2004,0.1061
10/9/2004,0.0927
10/14/2004,0.1156
10/19/2004,0.1138
10/24/2004,0.1004
10/29/2004,0.1020
11/3/2004,0.0850
11/8/2004,0.0815
11/13/2004,0.1068
11/18/2004,0.0916
11/23/2004,0.0797
11/28/2004,0.0400
12/3/2004,0.0152
12/8/2004,0.0081
12/13/2004,-0.0048
12/18/2004,-0.0172
12/23/2004,-0.0220
12/28/2004,-0.0014
1/2/2005,-0.0029
1/7/2005,-0.0118
1/12/2005,-0.0286
1/17/2005,-0.0360
1/22/2005,-0.0143
1/27/2005,-0.0013
2/1/2005,0.0059
2/6/2005,0.0137
2/11/2005,0.0211
2/16/2005,-0.0327
2/21/2005,-0.0457
2/26/2005,-0.0684
3/3/2005,-0.0676
3/8/2005,-0.0748
3/13/2005,-0.1003
3/18/2005,-0.0968
3/23/2005,-0.1014
3/28/2005,-0.1244
4/2/2005,-0.1351
4/7/2005,-0.1189
4/12/2005,-0.1327
4/17/2005,-0.0843
4/22/2005,-0.0454
4/27/2005,-0.0061
5/2/2005,0.0037
5/7/2005,-0.0128
5/12/2005,-0.0267
5/17/2005,-0.0335
5/22/2005,-0.0156
5/27/2005,-0.0046
6/1/2005,-0.0003
6/6/2005,0.0097
6/11/2005,0.0098
6/16/2005,0.0356
6/21/2005,0.0487
6/26/2005,0.0668
7/1/2005,0.0742
7/6/2005,0.0879
7/11/2005,0.0814
7/16/2005,0.0698
7/21/2005,0.0583
7/26/2005,0.0465
7/31/2005,0.0544
8/5/2005,0.0558
8/10/2005,0.0509
8/15/2005,0.0427
8/20/2005,0.0343
8/25/2005,0.0400
8/30/2005,0.0301
9/4/2005,0.0403
9/9/2005,0.0432
9/14/2005,0.0219
9/19/2005,0.0194
9/24/2005,0.0232
9/29/2005,0.0270
10/4/2005,0.0659
10/9/2005,0.0837
10/14/2005,0.0737
10/19/2005,0.0621
10/24/2005,0.0370
10/29/2005,0.0098
11/3/2005,-0.0012
11/8/2005,-0.0143
11/13/2005,-0.0245
11/18/2005,-0.0354
11/23/2005,-0.0478
11/28/2005,-0.0498
12/3/2005,-0.0601
12/8/2005,-0.1127
12/13/2005,-0.1463
12/18/2005,-0.1521
12/23/2005,-0.0874
12/28/2005,-0.1092
1/2/2006,-0.1414
1/7/2006,-0.1331
1/12/2006,-0.1291
1/17/2006,-0.1227
1/22/2006,-0.0810
1/27/2006,-0.1108
2/1/2006,-0.1064
2/6/2006,-0.1425
2/11/2006,-0.1138
2/16/2006,-0.1170
2/21/2006,-0.0884
2/26/2006,-0.0721
3/3/2006,-0.0561
3/8/2006,-0.0200
3/13/2006,-0.0608
3/18/2006,-0.0739
3/23/2006,-0.0464
3/28/2006,-0.0967
4/2/2006,-0.0902
4/7/2006,-0.0774
4/12/2006,-0.0740
4/17/2006,-0.0413
4/22/2006,-0.0473
4/27/2006,-0.0340
5/2/2006,-0.0378
5/7/2006,-0.0516
5/12/2006,-0.0524
5/17/2006,-0.0394
5/22/2006,-0.0141
5/27/2006,-0.0305
6/1/2006,-0.0150
6/6/2006,-0.0173
6/11/2006,-0.0258
6/16/2006,-0.0313
6/21/2006,-0.0219
6/26/2006,-0.0059
7/1/2006,0.0157
7/6/2006,0.0199
7/11/2006,0.0526
7/16/2006,0.0400
7/21/2006,0.0276
7/26/2006,0.0118
7/31/2006,-0.0174
8/5/2006,-0.0013
8/10/2006,-0.0014
8/15/2006,0.0233
8/20/2006,0.0243
8/25/2006,0.0214
8/30/2006,0.0090
9/4/2006,-0.0007
9/9/2006,0.0214
9/14/2006,0.0386
9/19/2006,0.0692
9/24/2006,0.0833
9/29/2006,0.0755
10/4/2006,0.0828
10/9/2006,0.0891
10/14/2006,0.1106
10/19/2006,0.1222
10/24/2006,0.0977
10/29/2006,0.0522
11/3/2006,0.0270
11/8/2006,0.0000
11/13/2006,-0.0052
11/18/2006,-0.0343
11/23/2006,-0.0246
11/28/2006,-0.0234
12/3/2006,-0.0233
12/8/2006,-0.0341
12/13/2006,-0.0462
12/18/2006,-0.0627
12/23/2006,-0.0565
12/28/2006,-0.0535
1/2/2007,-0.0586
1/7/2007,-0.0701
1/12/2007,-0.0782
1/17/2007,-0.0831
1/22/2007,-0.0759
1/27/2007,-0.0786
2/1/2007,-0.0693
2/6/2007,-0.0716
2/11/2007,-0.0783
2/16/2007,-0.0985
2/21/2007,-0.1099
2/26/2007,-0.1086
3/3/2007,-0.1012
3/8/2007,-0.0727
3/13/2007,-0.0545
3/18/2007,-0.0718
3/23/2007,-0.0773
3/28/2007,-0.0723
4/2/2007,-0.0768
4/7/2007,-0.0566
4/12/2007,-0.0447
4/17/2007,-0.0365
4/22/2007,-0.0308
4/27/2007,-0.0305
5/2/2007,-0.0278
5/7/2007,-0.0378
5/12/2007,-0.0301
5/17/2007,-0.0159
5/22/2007,-0.0062
5/27/2007,0.0158
6/1/2007,0.0223
6/6/2007,0.0220
6/11/2007,0.0138
6/16/2007,0.0002
6/21/2007,0.0005
6/26/2007,0.0044
7/1/2007,0.0043
7/6/2007,0.0018
7/11/2007,0.0186
7/16/2007,0.0147
7/21/2007,0.0051
7/26/2007,0.0003
7/31/2007,-0.0107
8/5/2007,-0.0121
8/10/2007,0.0032
8/15/2007,0.0157
8/20/2007,0.0225
8/25/2007,0.0577
8/30/2007,0.0454
9/4/2007,0.0801
9/9/2007,0.0991
9/14/2007,0.1041
9/19/2007,0.0945
9/24/2007,0.0903
9/29/2007,0.0597
10/4/2007,0.0736
10/9/2007,0.1114
10/14/2007,0.1106
10/19/2007,0.0837
10/24/2007,0.0582
10/29/2007,0.0616
11/3/2007,0.0499
11/8/2007,0.0507
11/13/2007,0.0788
11/18/2007,0.0354
11/23/2007,0.0124
11/28/2007,-0.0066
12/3/2007,-0.0306
12/8/2007,-0.0319
12/13/2007,-0.0330
12/18/2007,-0.0111
12/23/2007,0.0047
12/28/2007,0.0160
1/2/2008,0.0023
1/7/2008,-0.0125
1/12/2008,-0.0021
1/17/2008,-0.0094
1/22/2008,-0.0071
1/27/2008,-0.0180
2/1/2008,-0.0379
2/6/2008,-0.0511
2/11/2008,-0.0671
2/16/2008,-0.0775
2/21/2008,-0.0750
2/26/2008,-0.0666
3/2/2008,-0.1138
3/7/2008,-0.0890
3/12/2008,-0.0871
3/17/2008,-0.0817
3/22/2008,-0.0671
3/27/2008,-0.0729
4/1/2008,-0.0809
4/6/2008,-0.0760
4/11/2008,-0.0594
4/16/2008,-0.0454
4/21/2008,-0.0283
4/26/2008,-0.0136
5/1/2008,-0.0125
5/6/2008,-0.0095
5/11/2008,-0.0268
5/16/2008,-0.0370
5/21/2008,-0.0190
5/26/2008,0.0178
5/31/2008,0.0570
6/5/2008,0.0692
6/10/2008,0.0528
6/15/2008,0.0505
6/20/2008,0.0401
6/25/2008,0.0441
6/30/2008,0.0424
7/5/2008,0.0522
7/10/2008,0.0628
7/15/2008,0.0504
7/20/2008,0.0598
7/25/2008,0.0489
7/30/2008,0.0215
8/4/2008,0.0068
8/9/2008,0.0007
8/14/2008,-0.0150
8/19/2008,-0.0072
8/24/2008,0.0023
8/29/2008,0.0387
9/3/2008,0.0742
9/8/2008,0.0796
9/13/2008,0.0979
9/18/2008,0.1081
9/23/2008,0.1270
9/28/2008,0.1290
10/3/2008,0.1481
10/8/2008,0.1439
10/13/2008,0.1408
10/18/2008,0.1178
10/23/2008,0.0764
10/28/2008,0.0698
11/2/2008,0.0481
11/7/2008,0.0329
11/12/2008,0.0313
11/17/2008,0.0076
11/22/2008,-0.0091
11/27/2008,-0.0081
12/2/2008,-0.0316
12/7/2008,-0.0602
12/12/2008,-0.0763
12/17/2008,-0.0406
12/22/2008,-0.0186
12/27/2008,-0.0335
1/1/2009,-0.0431
1/6/2009,-0.0637
1/11/2009,-0.0705
1/16/2009,-0.0760
1/21/2009,-0.0782
1/26/2009,-0.0878
1/31/2009,-0.0964
2/5/2009,-0.0968
2/10/2009,-0.0854
2/15/2009,-0.0642
2/20/2009,-0.0690
2/25/2009,-0.0793
3/2/2009,-0.0838
3/7/2009,-0.0817
3/12/2009,-0.0541
3/17/2009,-0.0381
3/22/2009,-0.0210
3/27/2009,-0.0198
4/1/2009,-0.0323
4/6/2009,-0.0447
4/11/2009,-0.0290
4/16/2009,-0.0349
4/21/2009,-0.0309
4/26/2009,-0.0395
5/1/2009,-0.0420
5/6/2009,-0.0257
5/11/2009,-0.0117
5/16/2009,0.0107
5/21/2009,0.0315
5/26/2009,0.0462
5/31/2009,0.0590
6/5/2009,0.0583
6/10/2009,0.0699
6/15/2009,0.0512
6/20/2009,0.0200
6/25/2009,0.0173
6/30/2009,0.0094
7/5/2009,-0.0010
7/10/2009,-0.0164
7/15/2009,-0.0166
7/20/2009,0.0073
7/25/2009,0.0228
7/30/2009,0.0340
8/4/2009,0.0480
8/9/2009,0.0522
8/14/2009,0.0530
8/19/2009,0.0600
8/24/2009,0.0728
8/29/2009,0.0689
9/3/2009,0.0719
9/8/2009,0.0890
9/13/2009,0.0966
9/18/2009,0.1131
9/23/2009,0.1199
9/28/2009,0.1187
10/3/2009,0.1184
10/8/2009,0.1215
10/13/2009,0.1282
10/18/2009,0.1440
10/23/2009,0.1227
10/28/2009,0.1092
11/2/2009,0.1063
11/7/2009,0.1197
11/12/2009,0.1754
11/17/2009,0.1740
11/22/2009,0.1172
11/27/2009,0.0863
12/2/2009,0.0759
12/7/2009,0.0544
12/12/2009,0.0511
12/17/2009,0.0325
12/22/2009,0.0056
12/27/2009,-0.0168
1/1/2010,-0.0353
1/6/2010,-0.0357
1/11/2010,-0.0513
1/16/2010,-0.0907
1/21/2010,-0.0997
1/26/2010,-0.0828
1/31/2010,-0.0937
2/5/2010,-0.1002
2/10/2010,-0.1142
2/15/2010,-0.1161
2/20/2010,-0.1045
2/25/2010,-0.0973
3/2/2010,-0.0934
3/7/2010,-0.1144
3/12/2010,-0.1350
3/17/2010,-0.1626
3/22/2010,-0.1678
3/27/2010,-0.1621
4/1/2010,-0.1272
4/6/2010,-0.1014
4/11/2010,-0.0747
4/16/2010,-0.0550
4/21/2010,-0.0723
4/26/2010,-0.0535
5/1/2010,-0.0544
5/6/2010,-0.0444
5/11/2010,-0.0297
5/16/2010,-0.0097
5/21/2010,-0.0089
5/26/2010,-0.0072
5/31/2010,-0.0157
6/5/2010,0.0022
6/10/2010,-0.0028
6/15/2010,-0.0019
6/20/2010,-0.0087
6/25/2010,-0.0017
6/30/2010,0.0109
7/5/2010,0.0434
7/10/2010,0.0399
7/15/2010,0.0438
7/20/2010,0.0311
7/25/2010,0.0399
7/30/2010,0.0501
8/4/2010,0.0554
8/9/2010,0.0430
8/14/2010,0.0214
8/19/2010,0.0210
8/24/2010,0.0312
8/29/2010,0.0555
9/3/2010,0.1011
9/8/2010,0.0795
9/13/2010,0.0829
9/18/2010,0.1163
9/23/2010,0.1206
9/28/2010,0.0961
10/3/2010,0.0784
10/8/2010,0.0390
10/13/2010,0.0186
10/18/2010,0.0216
10/23/2010,0.0125
10/28/2010,0.0080
11/2/2010,0.0112
11/7/2010,0.0127
11/12/2010,0.0154
11/17/2010,0.0174
11/22/2010,-0.0056
11/27/2010,0.0028
12/2/2010,-0.0260
12/7/2010,-0.0306
12/12/2010,-0.0369
12/17/2010,-0.0605
12/22/2010,-0.0851
12/27/2010,-0.0948
1/1/2011,-0.0945
1/6/2011,-0.1033
1/11/2011,-0.1158
1/16/2011,-0.1288
1/21/2011,-0.1610
1/26/2011,-0.1587
1/31/2011,-0.1458
2/5/2011,-0.1600
2/10/2011,-0.1369
2/15/2011,-0.1351
2/20/2011,-0.1254
2/25/2011,-0.1284
3/2/2011,-0.1061
3/7/2011,-0.1052
3/12/2011,-0.1078
3/17/2011,-0.1134
3/22/2011,-0.1111
3/27/2011,-0.1068
4/1/2011,-0.1109
4/6/2011,-0.1214
4/11/2011,-0.1155
4/16/2011,-0.0992
4/21/2011,-0.0703
4/26/2011,-0.0724
5/1/2011,-0.0815
5/6/2011,-0.0838
5/11/2011,-0.0587
5/16/2011,-0.0489
5/21/2011,-0.0255
5/26/2011,-0.0066
5/31/2011,0.0014
6/5/2011,0.0147
6/10/2011,0.0114
6/15/2011,0.0129
6/20/2011,0.0200
6/25/2011,0.0316
6/30/2011,0.0405
7/5/2011,0.0485
7/10/2011,0.0431
7/15/2011,0.0536
7/20/2011,0.0561
7/25/2011,0.0441
7/30/2011,0.0351
8/4/2011,0.0432
8/9/2011,0.0586
8/14/2011,0.0660
8/19/2011,0.0649
8/24/2011,0.0514
8/29/2011,0.0570
9/3/2011,0.0492
9/8/2011,0.0494
9/13/2011,0.0457
9/18/2011,0.0676
9/23/2011,0.0911
9/28/2011,0.1086
10/3/2011,0.1114
10/8/2011,0.1135
10/13/2011,0.0957
10/18/2011,0.0865
10/23/2011,0.0301
10/28/2011,0.0383
11/2/2011,0.0488
11/7/2011,0.0459
11/12/2011,0.0518
11/17/2011,0.0304
11/22/2011,0.0382
11/27/2011,0.0340
12/2/2011,0.0361
12/7/2011,0.0191
12/12/2011,-0.0008
12/17/2011,-0.0068
12/22/2011,-0.0287
12/27/2011,-0.0439
1/1/2012,-0.0635
1/6/2012,-0.0488
1/11/2012,-0.0430
1/16/2012,-0.0279
1/21/2012,-0.0275
1/26/2012,-0.0324
1/31/2012,-0.0543
2/5/2012,-0.0303
2/10/2012,-0.0148
2/15/2012,-0.0270
2/20/2012,-0.0372
2/25/2012,-0.0460
3/1/2012,-0.0392
3/6/2012,-0.0237
3/11/2012,-0.0120
3/16/2012,-0.0035
3/21/2012,-0.0104
3/26/2012,-0.0239
3/31/2012,-0.0184
4/5/2012,-0.0134
4/10/2012,-0.0288
4/15/2012,-0.0228
4/20/2012,-0.0331
4/25/2012,-0.0400
4/30/2012,-0.0430
5/5/2012,-0.0277
5/10/2012,-0.0373
5/15/2012,-0.0205
5/20/2012,-0.0215
5/25/2012,-0.0154
5/30/2012,-0.0308
6/4/2012,0.0146
6/9/2012,0.0482
6/14/2012,0.0965
6/19/2012,0.1069
6/24/2012,0.1192
6/29/2012,0.1266
7/4/2012,0.0884
7/9/2012,0.0755
7/14/2012,0.0750
7/19/2012,0.0724
7/24/2012,0.0735
7/29/2012,0.0596
8/3/2012,0.0628
8/8/2012,0.0527
8/13/2012,0.0540
8/18/2012,0.0669
8/23/2012,0.0870
8/28/2012,0.0875
9/2/2012,0.0975
9/7/2012,0.1119
9/12/2012,0.1166
9/17/2012,0.1331
9/22/2012,0.1267
9/27/2012,0.1115
10/2/2012,0.0941
10/7/2012,0.0964
10/12/2012,0.0954
10/17/2012,0.0937
10/22/2012,0.0817
10/27/2012,0.0811
11/1/2012,0.0919
11/6/2012,0.0968
11/11/2012,0.0931
11/16/2012,0.0749
11/21/2012,0.0714
11/26/2012,0.0538
12/1/2012,0.0356
12/6/2012,0.0149
12/11/2012,-0.0130
12/16/2012,-0.0401
12/21/2012,-0.0577
12/26/2012,-0.0643
12/31/2012,-0.0452
1/5/2013,-0.0350
1/10/2013,-0.0274
1/15/2013,-0.0287
1/20/2013,-0.0456
1/25/2013,-0.0773
1/30/2013,-0.0727
2/4/2013,-0.0837
2/9/2013,-0.0557
2/14/2013,-0.0383
2/19/2013,-0.0716
2/24/2013,-0.1337
3/1/2013,-0.1696
3/6/2013,-0.1423
3/11/2013,-0.0784
3/16/2013,-0.0306
3/21/2013,-0.0170
3/26/2013,-0.0326
3/31/2013,-0.0564
4/5/2013,-0.0275
4/10/2013,-0.0311
4/15/2013,-0.0331
4/20/2013,-0.0134
4/25/2013,-0.0188
4/30/2013,-0.0150
5/5/2013,-0.0086
5/10/2013,-0.0036
5/15/2013,0.0125
5/20/2013,0.0318
5/25/2013,0.0600
5/30/2013,0.0736
6/4/2013,0.0835
6/9/2013,0.0480
6/14/2013,0.0057
6/19/2013,-0.0081
6/24/2013,0.0072
6/29/2013,0.0361
7/4/2013,0.0665
7/9/2013,0.1012
7/14/2013,0.1077
7/19/2013,0.0794
7/24/2013,0.0363
7/29/2013,0.0047
8/3/2013,-0.0058
8/8/2013,0.0154
8/13/2013,0.0550
8/18/2013,0.0878
8/23/2013,0.0860
8/28/2013,0.0912
9/2/2013,0.1033
9/7/2013,0.1303
9/12/2013,0.1891
9/17/2013,0.2119
9/22/2013,0.1891
9/27/2013,0.1745
10/2/2013,0.1735
10/7/2013,0.1747
10/12/2013,0.1779
10/17/2013,0.1513
10/22/2013,0.1293
10/27/2013,0.1074
11/1/2013,0.1086
11/6/2013,0.1183
11/11/2013,0.1230
11/16/2013,0.1055
11/21/2013,0.0889
11/26/2013,0.0559
12/1/2013,0.0285
12/6/2013,-0.0132
12/11/2013,-0.0468
12/16/2013,-0.0898
12/21/2013,-0.0969
12/26/2013,-0.0855
12/31/2013,-0.0717
1/5/2014,-0.0710
1/10/2014,-0.0707
1/15/2014,-0.0730
1/20/2014,-0.0871
1/25/2014,-0.1154
1/30/2014,-0.1289
2/4/2014,-0.1590
2/9/2014,-0.1303
2/14/2014,-0.1130
2/19/2014,-0.1117
2/24/2014,-0.0950
3/1/2014,-0.0935
3/6/2014,-0.0708
3/11/2014,-0.0650
3/16/2014,-0.0444
3/21/2014,-0.0122
3/26/2014,-0.0084
3/31/2014,-0.0403
4/5/2014,-0.0781
4/10/2014,-0.1226
4/15/2014,-0.1377
4/20/2014,-0.0931
4/25/2014,-0.0565
4/30/2014,-0.0284
5/5/2014,0.0221
5/10/2014,0.0919
5/15/2014,0.1284
5/20/2014,0.0982
5/25/2014,0.0779
5/30/2014,0.0888
6/4/2014,0.0614
6/9/2014,0.0488
6/14/2014,0.0405
6/19/2014,0.0166
6/24/2014,0.0031
6/29/2014,-0.0184
7/4/2014,-0.0248
7/9/2014,-0.0279
7/14/2014,-0.0222
7/19/2014,-0.0268
7/24/2014,-0.0212
7/29/2014,-0.0137
8/3/2014,-0.0091
8/8/2014,-0.0065
8/13/2014,-0.0032
8/18/2014,-0.0092
8/23/2014,0.0168
8/28/2014,0.0480
9/2/2014,0.0701
9/7/2014,0.0915
9/12/2014,0.1013
9/17/2014,0.1203
9/22/2014,0.1522
9/27/2014,0.1649
10/2/2014,0.1503
10/7/2014,0.1257
10/12/2014,0.0931
10/17/2014,0.1022
10/22/2014,0.1341
10/27/2014,0.1622
11/1/2014,0.1452
11/6/2014,0.1086
11/11/2014,0.0741
11/16/2014,0.0616
11/21/2014,0.0338
11/26/2014,0.0312
12/1/2014,0.0260
12/6/2014,0.0321
12/11/2014,0.0153
12/16/2014,-0.0151
12/21/2014,-0.0241
12/26/2014,-0.0094
12/31/2014,0.0222
1/5/2015,0.0401
1/10/2015,0.0243
1/15/2015,-0.0184
1/20/2015,-0.0565
1/25/2015,-0.0532
1/30/2015,-0.0479
2/4/2015,-0.0097
2/9/2015,-0.0037
2/14/2015,-0.0264
2/19/2015,-0.0446
2/24/2015,-0.0710
3/1/2015,-0.0784
3/6/2015,-0.0669
3/11/2015,-0.0920
3/16/2015,-0.1057
3/21/2015,-0.1017
3/26/2015,-0.0785
3/31/2015,-0.0610
4/5/2015,-0.0372
4/10/2015,-0.0591
4/15/2015,-0.0545
4/20/2015,-0.0275
4/25/2015,0.0275
4/30/2015,0.0474
5/5/2015,0.0581
5/10/2015,0.0849
5/15/2015,0.0933
5/20/2015,0.1054
5/25/2015,0.1181
5/30/2015,0.1035
6/4/2015,0.1204
6/9/2015,0.1240
6/14/2015,0.0932
6/19/2015,0.1001
6/24/2015,0.0636
6/29/2015,0.0238
7/4/2015,-0.0278
7/9/2015,-0.0084
7/14/2015,-0.0175
7/19/2015,0.0115
7/24/2015,0.0384
7/29/2015,0.0316
8/3/2015,0.0598
8/8/2015,0.0781
8/13/2015,0.0936
8/18/2015,0.1129
8/23/2015,0.1248
8/28/2015,0.1161
9/2/2015,0.1007
9/7/2015,0.1012
9/12/2015,0.1087
9/17/2015,0.1387
9/22/2015,0.1698
9/27/2015,0.1903
10/2/2015,0.2097
10/7/2015,0.2241
10/12/2015,0.2307
10/17/2015,0.2166
10/22/2015,0.1932
10/27/2015,0.1782
11/1/2015,0.1523
11/6/2015,0.1633
11/11/2015,0.1959
11/16/2015,0.2105
11/21/2015,0.2142
11/26/2015,0.1193
12/1/2015,0.0613
12/6/2015,0.0444
12/11/2015,0.0537
12/16/2015,0.0639
12/21/2015,0.0918
12/26/2015,0.1169
12/31/2015,0.1133
1/5/2016,0.0890
1/10/2016,0.0546
1/15/2016,0.0377
1/20/2016,0.0228
1/25/2016,0.0251
1/30/2016,0.0307
2/4/2016,0.0238
2/9/2016,-0.0031
2/14/2016,-0.0118
2/19/2016,-0.0658
2/24/2016,-0.0601
2/29/2016,-0.0090
3/5/2016,0.0351
3/10/2016,0.0452
3/15/2016,0.0065
3/20/2016,-0.0137
3/25/2016,-0.0092
3/30/2016,0.0004
4/4/2016,0.0136
4/9/2016,0.0375
4/14/2016,0.0775
4/19/2016,0.1068
4/24/2016,0.1728
4/29/2016,0.1425
5/4/2016,0.1430
5/9/2016,0.1459
5/14/2016,0.1271
5/19/2016,0.1109
5/24/2016,0.0941
5/29/2016,0.1128
6/3/2016,0.0978
6/8/2016,0.1036
6/13/2016,0.1097
6/18/2016,0.1122
6/23/2016,0.1034
6/28/2016,0.0910
7/3/2016,0.0660
7/8/2016,0.0583
7/13/2016,0.0410
7/18/2016,0.0565
7/23/2016,0.0456
7/28/2016,0.0683
8/2/2016,0.1188
8/7/2016,0.1369
8/12/2016,0.1477
8/17/2016,0.1493
8/22/2016,0.1314
8/27/2016,0.1538
9/1/2016,0.1923
9/6/2016,0.2236
9/11/2016,0.2241
9/16/2016,0.2053
9/21/2016,0.1701
9/26/2016,0.1644
10/1/2016,0.1648
10/6/2016,0.1892
10/11/2016,0.2072
10/16/2016,0.2191
10/21/2016,0.2252
10/26/2016,0.2202
10/31/2016,0.2229
11/5/2016,0.2404
11/10/2016,0.2452
11/15/2016,0.2120
11/20/2016,0.1784
11/25/2016,0.1405
11/30/2016,0.1052
12/5/2016,0.0682
12/10/2016,0.0366
12/15/2016,0.0178
12/20/2016,0.0135
12/25/2016,0.0290
12/30/2016,0.0629
1/4/2017,0.1019
1/9/2017,0.1388
1/14/2017,0.1453
1/19/2017,0.0516
1/24/2017,0.0306
1/29/2017,-0.0416
2/3/2017,-0.0288
2/8/2017,0.0177
2/13/2017,0.0232
2/18/2017,-0.0017
2/23/2017,0.0306
2/28/2017,0.0621
3/5/2017,0.1073
3/10/2017,0.1404
3/15/2017,0.1218
3/20/2017,0.0997
3/25/2017,0.0829
3/30/2017,0.0914
4/4/2017,0.0667
4/9/2017,0.0423
4/14/2017,0.0256
4/19/2017,0.0584
4/24/2017,0.0786
4/29/2017,0.0740
5/4/2017,0.0775
5/9/2017,0.0649
5/14/2017,0.0560
5/19/2017,0.0469
5/24/2017,0.0395
5/29/2017,0.0323
6/3/2017,0.0577
6/8/2017,0.0774
6/13/2017,0.1058
6/18/2017,0.1326
6/23/2017,0.1570
6/28/2017,0.1403
7/3/2017,0.1040
7/8/2017,0.0736
7/13/2017,0.0268
7/18/2017,0.0196
7/23/2017,0.0227
7/28/2017,0.0324
8/2/2017,0.0409
8/7/2017,0.0419
8/12/2017,0.0377
8/17/2017,0.0298
8/22/2017,0.0421
8/27/2017,0.0706
9/1/2017,0.1099
9/6/2017,0.0999
9/11/2017,0.0641
9/16/2017,0.0726
9/21/2017,0.0937
9/26/2017,0.1937
10/1/2017,0.2417
10/6/2017,0.2913
10/11/2017,0.2530
10/16/2017,0.1948
10/21/2017,0.1355
10/31/2017,0.1132
11/5/2017,0.1069
11/10/2017,0.1039
11/15/2017,0.0860
11/20/2017,0.0764
11/25/2017,0.0669
11/30/2017,0.0578
12/5/2017,0.0434
12/10/2017,0.0325
12/15/2017,0.0166
12/20/2017,0.0064
12/25/2017,-0.0026
12/30/2017,-0.0192
1/4/2018,-0.0331
1/9/2018,-0.0319
1/14/2018,-0.0204
1/19/2018,-0.0125
1/24/2018,-0.0078
1/29/2018,-0.0365
2/3/2018,-0.0572
2/8/2018,-0.0505
2/13/2018,-0.0289
2/18/2018,-0.0115
2/23/2018,0.0109
2/28/2018,0.0344
3/5/2018,0.0436
3/10/2018,0.0351
3/15/2018,0.0110
3/20/2018,-0.0003
3/25/2018,0.0216
3/30/2018,0.0373
4/4/2018,0.0627
4/9/2018,0.0598
4/14/2018,0.0362
4/19/2018,0.0113
4/24/2018,0.0138
4/29/2018,-0.0181
5/4/2018,-0.0040
5/9/2018,0.0106
5/14/2018,0.0221
5/19/2018,0.0252
5/24/2018,0.0312
5/29/2018,0.0200
6/3/2018,0.0152
6/8/2018,-0.0116
6/13/2018,-0.0127
6/18/2018,-0.0005
6/23/2018,0.0002
6/28/2018,-0.0168
7/3/2018,-0.0155
7/8/2018,-0.0379
7/13/2018,-0.0299
7/18/2018,-0.0257
7/23/2018,-0.0292
7/28/2018,-0.0127
8/2/2018,0.0356
8/7/2018,0.0519
8/12/2018,0.0662
8/17/2018,0.0725
8/22/2018,0.0952
8/27/2018,0.1271
9/1/2018,0.1518
9/6/2018,0.1679
9/11/2018,0.1596
9/16/2018,0.1564
9/21/2018,0.1489
9/26/2018,0.1730
10/1/2018,0.1988
10/6/2018,0.2068
10/11/2018,0.1765
10/16/2018,0.1879
10/21/2018,0.1661
10/26/2018,0.1645
10/31/2018,0.1534
11/5/2018,0.1292
11/10/2018,0.1203
11/15/2018,0.0829
11/20/2018,0.0673
11/25/2018,0.0640
11/30/2018,0.0595
12/5/2018,0.0597
12/10/2018,0.0562
12/15/2018,0.0512
12/20/2018,0.0218
12/25/2018,0.0135
12/30/2018,0.0164
1/4/2019,0.0296
1/9/2019,0.0182
1/14/2019,-0.0028
1/19/2019,-0.0203
1/24/2019,-0.0032
